{
  "fp_correct_q_correct": {
    "fp": [
      0.8225105117586521,
      0.4071216682461937,
      0.3891891687453079,
      0.33450251547770177,
      0.30333477061681224,
      0.31345356254015005,
      0.27962239327687516,
      0.28420717389015315,
      0.2560237790900196,
      0.2192375161622807,
      0.2232885275493057,
      0.2258077098947964,
      0.2413437124537963,
      0.21335598474731388,
      0.20545177202535458,
      0.19684451952030874,
      0.17013132860565597,
      0.137544057585212,
      0.1762043364735159,
      0.11991127036274557
    ],
    "quant": [
      0.7993183790301239,
      0.3479173402465908,
      0.38139868004496197,
      0.3692731112472283,
      0.31421121546316266,
      0.3005963336590361,
      0.2662909474565517,
      0.28338720325996974,
      0.26266468251751546,
      0.24030368988850687,
      0.21014974712924317,
      0.25213366918926333,
      0.23436606328700657,
      0.24631561546970285,
      0.21723679074660632,
      0.25080586719672404,
      0.22266830353898448,
      0.1577885553140439,
      0.2495437834007343,
      0.1399904306493802
    ]
  },
  "fp_correct_q_wrong": {
    "fp": [
      0.8144416415936204,
      0.49093026198786816,
      0.41054906471041547,
      0.32174060251253755,
      0.35043158086076476,
      0.3090329677458708,
      0.2871200355244656,
      0.2757196745257678,
      0.19747699958041767,
      0.26586792212027793,
      0.2819424306489885,
      0.2419485339159458,
      0.2539214505702767,
      0.20611614118468585,
      0.24074217495324687,
      0.20271420580005842,
      0.23018146056559027,
      0.19824698070322438,
      0.1566866770866145,
      0.14868184634493836
    ],
    "quant": [
      0.7605681288397227,
      0.4886779004851265,
      0.4187109339102935,
      0.3924491302507829,
      0.3705065027949757,
      0.31907757344770726,
      0.27918970147494165,
      0.3059150991711503,
      0.31976385351297987,
      0.28168069264252904,
      0.3202401006227132,
      0.2988475865371141,
      0.28613241675929,
      0.23461219638902,
      0.26958526081052375,
      0.2820821416794279,
      0.25412164258460757,
      0.2283790200258282,
      0.22566299250013325,
      0.18520559697083788
    ]
  },
  "fp_wrong_q_correct": {
    "fp": [
      0.8369417188638617,
      0.48193035671739665,
      0.493440625274971,
      0.4238942777793122,
      0.43513805865672733,
      0.37243482560967545,
      0.34290200636667123,
      0.351358689375452,
      0.36414043319418643,
      0.29311076707628075,
      0.33727777218297117,
      0.3124172182957965,
      0.2709094136548351,
      0.21849114404693726,
      0.3043583276805351,
      0.24775611016393456,
      0.21702471983651367,
      0.17590628195302394,
      0.17034310602786776,
      0.15394296265731872
    ],
    "quant": [
      0.7752520367729104,
      0.5219096017078136,
      0.4247951399700709,
      0.46164569238021774,
      0.2881005296240281,
      0.29348974323701016,
      0.320774047965544,
      0.28765465682260183,
      0.22643522862787038,
      0.28359432849325295,
      0.2560480287333096,
      0.23204343446028286,
      0.24376213548813047,
      0.28896970202195454,
      0.23161992135828768,
      0.23197055590126922,
      0.20533638164040344,
      0.17900817886761727,
      0.21939171232245724,
      0.15510283013629625
    ]
  },
  "fp_wrong_q_wrong": {
    "fp": [
      0.8508003897189939,
      0.5301124451999862,
      0.44322111736518677,
      0.4656538404263599,
      0.4012342832206545,
      0.37215349379640633,
      0.32506084422451276,
      0.3305436709809095,
      0.3266891421600908,
      0.29342984592628396,
      0.279805465472958,
      0.31790087224364294,
      0.2732891460594348,
      0.3268639921988317,
      0.2805477758451503,
      0.24848500339342147,
      0.22627244842982647,
      0.1653918231188218,
      0.20895401387991816,
      0.11905612177907195
    ],
    "quant": [
      0.7929643440006198,
      0.4895798507530984,
      0.4186717382292176,
      0.4041304965634083,
      0.38381724964082153,
      0.33683759535001956,
      0.26713439691571694,
      0.32153599741980954,
      0.28378799790434894,
      0.324804025794337,
      0.2849060184864542,
      0.26504246470698284,
      0.26406125866067287,
      0.25394597271845104,
      0.23208604004460778,
      0.2368206401008533,
      0.28805187321951026,
      0.18736835398714755,
      0.19743232866058907,
      0.15870830222062363
    ]
  }
}
