{
  "num_examples": 400,
  "clean_examples": 332,
  "outcome_counts": {
    "fp_correct_q_correct": 268,
    "fp_correct_q_wrong": 57,
    "fp_wrong_q_correct": 22,
    "fp_wrong_q_wrong": 53
  },
  "groups": {
    "fp_correct_q_correct": {
      "n": 268,
      "clean_n": 229,
      "metrics": {
        "delta_generated_tokens": {
          "n": 268,
          "mean": 10.73134328358209,
          "median": 13.5
        },
        "delta_line_count": {
          "n": 268,
          "mean": 0.22014925373134328,
          "median": 0.0
        },
        "delta_sentence_count": {
          "n": 268,
          "mean": 2.578358208955224,
          "median": 3.0
        },
        "delta_numbered_step_count": {
          "n": 268,
          "mean": 2.6082089552238807,
          "median": 3.0
        },
        "delta_arithmetic_expression_count": {
          "n": 268,
          "mean": -0.23134328358208955,
          "median": 0.0
        },
        "delta_numeric_value_count": {
          "n": 268,
          "mean": 3.462686567164179,
          "median": 3.0
        },
        "delta_self_correction_count": {
          "n": 268,
          "mean": 0.0,
          "median": 0.0
        },
        "delta_repetition_score_4gram": {
          "n": 268,
          "mean": 0.002196280117603644,
          "median": 0.0
        },
        "delta_normalized_final_answer_position": {
          "n": 230,
          "mean": 0.007889116245087695,
          "median": 0.005432677844259437
        },
        "first_divergence_position": {
          "n": 267,
          "mean": 7.0411985018726595,
          "median": 0.0
        },
        "normalized_first_divergence": {
          "n": 267,
          "mean": 0.05438518895372651,
          "median": 0.0
        },
        "fp_entropy_at_divergence": {
          "n": 267,
          "mean": 1.8402192681916199,
          "median": 1.9029213190078735
        },
        "quant_entropy_at_divergence": {
          "n": 267,
          "mean": 1.8052248666795452,
          "median": 1.851032018661499
        },
        "fp_margin_at_divergence": {
          "n": 267,
          "mean": 0.6842228464419475,
          "median": 0.53125
        },
        "quant_margin_at_divergence": {
          "n": 267,
          "mean": 1.104751872659176,
          "median": 0.96875
        }
      },
      "clean_metrics": {
        "delta_generated_tokens": {
          "n": 229,
          "mean": 10.79475982532751,
          "median": 13.0
        },
        "delta_line_count": {
          "n": 229,
          "mean": 0.24890829694323144,
          "median": 0.0
        },
        "delta_sentence_count": {
          "n": 229,
          "mean": 2.4366812227074237,
          "median": 3.0
        },
        "delta_numbered_step_count": {
          "n": 229,
          "mean": 2.445414847161572,
          "median": 2.0
        },
        "delta_arithmetic_expression_count": {
          "n": 229,
          "mean": -0.2445414847161572,
          "median": 0.0
        },
        "delta_numeric_value_count": {
          "n": 229,
          "mean": 3.3842794759825328,
          "median": 3.0
        },
        "delta_self_correction_count": {
          "n": 229,
          "mean": 0.0,
          "median": 0.0
        },
        "delta_repetition_score_4gram": {
          "n": 229,
          "mean": -0.0003330726787789045,
          "median": 0.0
        },
        "delta_normalized_final_answer_position": {
          "n": 229,
          "mean": 0.007892888358455226,
          "median": 0.005321507760532085
        },
        "first_divergence_position": {
          "n": 228,
          "mean": 7.942982456140351,
          "median": 0.0
        },
        "normalized_first_divergence": {
          "n": 228,
          "mean": 0.061189288234924595,
          "median": 0.0
        },
        "fp_entropy_at_divergence": {
          "n": 228,
          "mean": 1.8287964489376336,
          "median": 1.90602046251297
        },
        "quant_entropy_at_divergence": {
          "n": 228,
          "mean": 1.7935987880878281,
          "median": 1.853744924068451
        },
        "fp_margin_at_divergence": {
          "n": 228,
          "mean": 0.6826343201754386,
          "median": 0.5625
        },
        "quant_margin_at_divergence": {
          "n": 228,
          "mean": 1.074766995614035,
          "median": 0.921875
        }
      },
      "divergence_before_arithmetic_rate": 0.9775280898876404,
      "divergence_before_final_marker_rate": 1.0
    },
    "fp_correct_q_wrong": {
      "n": 57,
      "clean_n": 43,
      "metrics": {
        "delta_generated_tokens": {
          "n": 57,
          "mean": -4.7894736842105265,
          "median": -5.0
        },
        "delta_line_count": {
          "n": 57,
          "mean": -0.8771929824561403,
          "median": 0.0
        },
        "delta_sentence_count": {
          "n": 57,
          "mean": 1.2982456140350878,
          "median": 1.0
        },
        "delta_numbered_step_count": {
          "n": 57,
          "mean": 1.3157894736842106,
          "median": 1.0
        },
        "delta_arithmetic_expression_count": {
          "n": 57,
          "mean": -0.3157894736842105,
          "median": 0.0
        },
        "delta_numeric_value_count": {
          "n": 57,
          "mean": 0.7192982456140351,
          "median": 1.0
        },
        "delta_self_correction_count": {
          "n": 57,
          "mean": 0.03508771929824561,
          "median": 0.0
        },
        "delta_repetition_score_4gram": {
          "n": 57,
          "mean": 0.01785077421801223,
          "median": 0.002370178840767078
        },
        "delta_normalized_final_answer_position": {
          "n": 46,
          "mean": -0.000933506366022837,
          "median": 0.0017677328644039592
        },
        "first_divergence_position": {
          "n": 57,
          "mean": 4.631578947368421,
          "median": 0.0
        },
        "normalized_first_divergence": {
          "n": 57,
          "mean": 0.039593642681408095,
          "median": 0.0
        },
        "fp_entropy_at_divergence": {
          "n": 57,
          "mean": 1.8929317551746703,
          "median": 1.9358396530151367
        },
        "quant_entropy_at_divergence": {
          "n": 57,
          "mean": 1.7754835193617302,
          "median": 1.734291672706604
        },
        "fp_margin_at_divergence": {
          "n": 57,
          "mean": 0.5827850877192983,
          "median": 0.53125
        },
        "quant_margin_at_divergence": {
          "n": 57,
          "mean": 1.0597587719298245,
          "median": 0.9375
        }
      },
      "clean_metrics": {
        "delta_generated_tokens": {
          "n": 43,
          "mean": -11.418604651162791,
          "median": -2.0
        },
        "delta_line_count": {
          "n": 43,
          "mean": -2.046511627906977,
          "median": 0.0
        },
        "delta_sentence_count": {
          "n": 43,
          "mean": 0.046511627906976744,
          "median": 1.0
        },
        "delta_numbered_step_count": {
          "n": 43,
          "mean": 1.0930232558139534,
          "median": 2.0
        },
        "delta_arithmetic_expression_count": {
          "n": 43,
          "mean": -0.16279069767441862,
          "median": 0.0
        },
        "delta_numeric_value_count": {
          "n": 43,
          "mean": -0.046511627906976744,
          "median": 0.0
        },
        "delta_self_correction_count": {
          "n": 43,
          "mean": 0.0,
          "median": 0.0
        },
        "delta_repetition_score_4gram": {
          "n": 43,
          "mean": 0.02550675255081264,
          "median": 0.011627906976744186
        },
        "delta_normalized_final_answer_position": {
          "n": 43,
          "mean": -0.00047755281896272187,
          "median": 0.0020206351681480994
        },
        "first_divergence_position": {
          "n": 43,